time_min,p1
0,0.08513
15,0.38857
30,0.46817
60,0.40225
90,0.38081
120,0.33097
180,0.25585
